,Date,Start (ET),Visitor/Neutral,PTS,Home/Neutral,PTS.1,Unnamed: 6,Unnamed: 7,Attend.,Notes
0,"Tue, Dec 22, 2020",7:00p,Golden State Warriors,99,Brooklyn Nets,125,Box Score,,0,
1,"Tue, Dec 22, 2020",10:00p,Los Angeles Clippers,116,Los Angeles Lakers,109,Box Score,,0,
2,"Wed, Dec 23, 2020",7:00p,Charlotte Hornets,114,Cleveland Cavaliers,121,Box Score,,300,
3,"Wed, Dec 23, 2020",7:00p,New York Knicks,107,Indiana Pacers,121,Box Score,,0,
4,"Wed, Dec 23, 2020",7:00p,Miami Heat,107,Orlando Magic,113,Box Score,,3396,
5,"Wed, Dec 23, 2020",7:00p,Washington Wizards,107,Philadelphia 76ers,113,Box Score,,0,
6,"Wed, Dec 23, 2020",7:30p,New Orleans Pelicans,113,Toronto Raptors,99,Box Score,,3800,
7,"Wed, Dec 23, 2020",7:30p,Milwaukee Bucks,121,Boston Celtics,122,Box Score,,0,
8,"Wed, Dec 23, 2020",8:00p,Atlanta Hawks,124,Chicago Bulls,104,Box Score,,0,
9,"Wed, Dec 23, 2020",8:00p,San Antonio Spurs,131,Memphis Grizzlies,119,Box Score,,0,
10,"Wed, Dec 23, 2020",8:00p,Detroit Pistons,101,Minnesota Timberwolves,111,Box Score,,0,
11,"Wed, Dec 23, 2020",9:00p,Sacramento Kings,124,Denver Nuggets,122,Box Score,OT,0,
12,"Wed, Dec 23, 2020",10:00p,Utah Jazz,120,Portland Trail Blazers,100,Box Score,,0,
13,"Wed, Dec 23, 2020",10:30p,Dallas Mavericks,102,Phoenix Suns,106,Box Score,,0,
14,"Fri, Dec 25, 2020",12:00p,New Orleans Pelicans,98,Miami Heat,111,Box Score,,0,
15,"Fri, Dec 25, 2020",2:30p,Golden State Warriors,99,Milwaukee Bucks,138,Box Score,,0,
16,"Fri, Dec 25, 2020",5:00p,Brooklyn Nets,123,Boston Celtics,95,Box Score,,0,
17,"Fri, Dec 25, 2020",8:00p,Dallas Mavericks,115,Los Angeles Lakers,138,Box Score,,0,
18,"Fri, Dec 25, 2020",10:30p,Los Angeles Clippers,121,Denver Nuggets,108,Box Score,,0,
19,"Sat, Dec 26, 2020",5:00p,Atlanta Hawks,122,Memphis Grizzlies,112,Box Score,,0,
20,"Sat, Dec 26, 2020",7:00p,Oklahoma City Thunder,109,Charlotte Hornets,107,Box Score,,0,
21,"Sat, Dec 26, 2020",7:00p,Cleveland Cavaliers,128,Detroit Pistons,119,Box Score,2OT,0,
22,"Sat, Dec 26, 2020",7:00p,Orlando Magic,130,Washington Wizards,120,Box Score,,0,
23,"Sat, Dec 26, 2020",7:30p,Philadelphia 76ers,109,New York Knicks,89,Box Score,,0,
24,"Sat, Dec 26, 2020",8:00p,Indiana Pacers,125,Chicago Bulls,106,Box Score,,0,
25,"Sat, Dec 26, 2020",8:30p,Toronto Raptors,114,San Antonio Spurs,119,Box Score,,0,
26,"Sat, Dec 26, 2020",9:00p,Minnesota Timberwolves,116,Utah Jazz,111,Box Score,,1932,
27,"Sat, Dec 26, 2020",10:00p,Houston Rockets,126,Portland Trail Blazers,128,Box Score,OT,0,
28,"Sat, Dec 26, 2020",10:00p,Phoenix Suns,103,Sacramento Kings,106,Box Score,,0,
29,"Sun, Dec 27, 2020",3:30p,Dallas Mavericks,124,Los Angeles Clippers,73,Box Score,,0,
30,Date,Start (ET),Visitor/Neutral,PTS,Home/Neutral,PTS,,,Attend.,Notes
31,"Sun, Dec 27, 2020",7:00p,San Antonio Spurs,95,New Orleans Pelicans,98,Box Score,,750,
32,"Sun, Dec 27, 2020",7:00p,Orlando Magic,120,Washington Wizards,113,Box Score,,0,
33,"Sun, Dec 27, 2020",7:00p,Brooklyn Nets,104,Charlotte Hornets,106,Box Score,,0,
34,"Sun, Dec 27, 2020",7:30p,Philadelphia 76ers,94,Cleveland Cavaliers,118,Box Score,,300,
35,"Sun, Dec 27, 2020",7:30p,Milwaukee Bucks,110,New York Knicks,130,Box Score,,0,
36,"Sun, Dec 27, 2020",8:00p,Boston Celtics,107,Indiana Pacers,108,Box Score,,0,
37,"Sun, Dec 27, 2020",8:00p,Golden State Warriors,129,Chicago Bulls,128,Box Score,,0,
38,"Sun, Dec 27, 2020",9:00p,Phoenix Suns,116,Sacramento Kings,100,Box Score,,0,
39,"Sun, Dec 27, 2020",10:00p,Minnesota Timberwolves,91,Los Angeles Lakers,127,Box Score,,0,
40,"Mon, Dec 28, 2020",7:30p,Memphis Grizzlies,116,Brooklyn Nets,111,Box Score,OT,0,
41,"Mon, Dec 28, 2020",7:30p,Detroit Pistons,120,Atlanta Hawks,128,Box Score,,0,
42,"Mon, Dec 28, 2020",8:00p,Utah Jazz,110,Oklahoma City Thunder,109,Box Score,,0,
43,"Mon, Dec 28, 2020",9:00p,Houston Rockets,111,Denver Nuggets,124,Box Score,,0,
44,"Mon, Dec 28, 2020",10:00p,Portland Trail Blazers,115,Los Angeles Lakers,107,Box Score,,0,
45,"Tue, Dec 29, 2020",7:00p,New York Knicks,95,Cleveland Cavaliers,86,Box Score,,300,
46,"Tue, Dec 29, 2020",7:00p,Golden State Warriors,116,Detroit Pistons,106,Box Score,,0,
47,"Tue, Dec 29, 2020",7:00p,Boston Celtics,116,Indiana Pacers,111,Box Score,,0,
48,"Tue, Dec 29, 2020",7:00p,Chicago Bulls,115,Washington Wizards,107,Box Score,,0,
49,"Tue, Dec 29, 2020",7:00p,Toronto Raptors,93,Philadelphia 76ers,100,Box Score,,0,
50,"Tue, Dec 29, 2020",7:30p,Milwaukee Bucks,144,Miami Heat,97,Box Score,,0,
51,"Tue, Dec 29, 2020",8:00p,Orlando Magic,118,Oklahoma City Thunder,107,Box Score,,0,
52,"Tue, Dec 29, 2020",10:00p,New Orleans Pelicans,86,Phoenix Suns,111,Box Score,,0,
53,"Tue, Dec 29, 2020",10:00p,Denver Nuggets,115,Sacramento Kings,125,Box Score,,0,
54,"Tue, Dec 29, 2020",10:00p,Minnesota Timberwolves,101,Los Angeles Clippers,124,Box Score,,0,
55,"Wed, Dec 30, 2020",7:30p,Milwaukee Bucks,108,Miami Heat,119,Box Score,,0,
56,"Wed, Dec 30, 2020",7:30p,Atlanta Hawks,141,Brooklyn Nets,145,Box Score,,0,
57,"Wed, Dec 30, 2020",7:30p,Memphis Grizzlies,107,Boston Celtics,126,Box Score,,0,
58,"Wed, Dec 30, 2020",8:30p,Charlotte Hornets,118,Dallas Mavericks,99,Box Score,,0,
59,"Wed, Dec 30, 2020",8:30p,Los Angeles Lakers,121,San Antonio Spurs,107,Box Score,,0,
60,"Wed, Dec 30, 2020",10:00p,Portland Trail Blazers,105,Los Angeles Clippers,128,Box Score,,0,
61,Date,Start (ET),Visitor/Neutral,PTS,Home/Neutral,PTS,,,Attend.,Notes
62,"Thu, Dec 31, 2020",3:00p,Cleveland Cavaliers,99,Indiana Pacers,119,Box Score,,0,
63,"Thu, Dec 31, 2020",5:00p,Chicago Bulls,133,Washington Wizards,130,Box Score,,0,
64,"Thu, Dec 31, 2020",6:30p,Philadelphia 76ers,116,Orlando Magic,92,Box Score,,3247,
65,"Thu, Dec 31, 2020",7:00p,Sacramento Kings,119,Houston Rockets,122,Box Score,,3247,
66,"Thu, Dec 31, 2020",7:30p,New York Knicks,83,Toronto Raptors,100,Box Score,,3449,
67,"Thu, Dec 31, 2020",8:00p,New Orleans Pelicans,113,Oklahoma City Thunder,80,Box Score,,0,
68,"Thu, Dec 31, 2020",9:00p,Phoenix Suns,106,Utah Jazz,95,Box Score,,1932,
0,"Fri, Jan 1, 2021",7:00p,Memphis Grizzlies,108,Charlotte Hornets,93,Box Score,,0,
1,"Fri, Jan 1, 2021",7:00p,Miami Heat,83,Dallas Mavericks,93,Box Score,,0,
2,"Fri, Jan 1, 2021",7:00p,Boston Celtics,93,Detroit Pistons,96,Box Score,,0,
3,"Fri, Jan 1, 2021",7:30p,Atlanta Hawks,114,Brooklyn Nets,96,Box Score,,0,
4,"Fri, Jan 1, 2021",8:00p,Chicago Bulls,96,Milwaukee Bucks,126,Box Score,,0,
5,"Fri, Jan 1, 2021",8:00p,Washington Wizards,130,Minnesota Timberwolves,109,Box Score,,0,
6,"Fri, Jan 1, 2021",8:00p,Los Angeles Lakers,109,San Antonio Spurs,103,Box Score,,0,
7,"Fri, Jan 1, 2021",9:00p,Phoenix Suns,106,Denver Nuggets,103,Box Score,,0,
8,"Fri, Jan 1, 2021",9:00p,Los Angeles Clippers,100,Utah Jazz,106,Box Score,,1932,
9,"Fri, Jan 1, 2021",10:30p,Portland Trail Blazers,123,Golden State Warriors,98,Box Score,,0,
10,"Sat, Jan 2, 2021",5:00p,Sacramento Kings,94,Houston Rockets,102,Box Score,,3065,
11,"Sat, Jan 2, 2021",7:00p,New York Knicks,106,Indiana Pacers,102,Box Score,,0,
12,"Sat, Jan 2, 2021",7:00p,Oklahoma City Thunder,108,Orlando Magic,99,Box Score,,3339,
13,"Sat, Jan 2, 2021",7:00p,Charlotte Hornets,112,Philadelphia 76ers,127,Box Score,,0,
14,"Sat, Jan 2, 2021",7:30p,Cleveland Cavaliers,96,Atlanta Hawks,91,Box Score,,0,
15,"Sat, Jan 2, 2021",7:30p,Toronto Raptors,116,New Orleans Pelicans,120,Box Score,,750,
16,"Sun, Jan 3, 2021",3:00p,Boston Celtics,122,Detroit Pistons,120,Box Score,,0,
17,"Sun, Jan 3, 2021",6:00p,Washington Wizards,123,Brooklyn Nets,122,Box Score,,0,
18,"Sun, Jan 3, 2021",6:00p,Los Angeles Lakers,108,Memphis Grizzlies,94,Box Score,,0,
19,"Sun, Jan 3, 2021",7:00p,Denver Nuggets,124,Minnesota Timberwolves,109,Box Score,,0,
20,"Sun, Jan 3, 2021",7:00p,Utah Jazz,130,San Antonio Spurs,109,Box Score,,0,
21,"Sun, Jan 3, 2021",8:00p,Dallas Mavericks,108,Chicago Bulls,118,Box Score,,0,
22,"Sun, Jan 3, 2021",8:00p,Los Angeles Clippers,112,Phoenix Suns,107,Box Score,,0,
23,"Sun, Jan 3, 2021",8:30p,Portland Trail Blazers,122,Golden State Warriors,137,Box Score,,0,
24,"Mon, Jan 4, 2021",7:00p,Cleveland Cavaliers,83,Orlando Magic,103,Box Score,,2726,
25,"Mon, Jan 4, 2021",7:00p,Charlotte Hornets,101,Philadelphia 76ers,118,Box Score,,0,
26,"Mon, Jan 4, 2021",7:30p,New York Knicks,113,Atlanta Hawks,108,Box Score,,0,
27,"Mon, Jan 4, 2021",7:30p,Oklahoma City Thunder,90,Miami Heat,118,Box Score,,0,
28,"Mon, Jan 4, 2021",7:30p,Boston Celtics,126,Toronto Raptors,114,Box Score,,3740,
29,"Mon, Jan 4, 2021",8:00p,Dallas Mavericks,113,Houston Rockets,100,Box Score,,3070,
30,"Mon, Jan 4, 2021",8:00p,Detroit Pistons,115,Milwaukee Bucks,125,Box Score,,0,
31,"Mon, Jan 4, 2021",8:00p,Indiana Pacers,118,New Orleans Pelicans,116,Box Score,OT,750,
32,"Mon, Jan 4, 2021",10:00p,Sacramento Kings,106,Golden State Warriors,137,Box Score,,0,
33,"Tue, Jan 5, 2021",7:30p,Utah Jazz,96,Brooklyn Nets,130,Box Score,,0,
34,"Tue, Jan 5, 2021",8:00p,Los Angeles Lakers,94,Memphis Grizzlies,92,Box Score,,0,
35,Date,Start (ET),Visitor/Neutral,PTS,Home/Neutral,PTS,,,Attend.,Notes
36,"Tue, Jan 5, 2021",9:00p,Minnesota Timberwolves,116,Denver Nuggets,123,Box Score,,0,
37,"Tue, Jan 5, 2021",10:00p,San Antonio Spurs,116,Los Angeles Clippers,113,Box Score,,0,
38,"Tue, Jan 5, 2021",10:30p,Chicago Bulls,111,Portland Trail Blazers,108,Box Score,,0,
39,"Wed, Jan 6, 2021",7:00p,Houston Rockets,107,Indiana Pacers,114,Box Score,,0,
40,"Wed, Jan 6, 2021",7:00p,Cleveland Cavaliers,94,Orlando Magic,105,Box Score,,2948,
41,"Wed, Jan 6, 2021",7:00p,Washington Wizards,136,Philadelphia 76ers,141,Box Score,,0,
42,"Wed, Jan 6, 2021",7:30p,Charlotte Hornets,102,Atlanta Hawks,94,Box Score,,0,
43,"Wed, Jan 6, 2021",7:30p,Boston Celtics,107,Miami Heat,105,Box Score,,0,
44,"Wed, Jan 6, 2021",7:30p,Utah Jazz,100,New York Knicks,112,Box Score,,0,
45,"Wed, Jan 6, 2021",8:00p,Detroit Pistons,115,Milwaukee Bucks,130,Box Score,,0,
46,"Wed, Jan 6, 2021",8:00p,Oklahoma City Thunder,111,New Orleans Pelicans,110,Box Score,,750,
47,"Wed, Jan 6, 2021",9:00p,Toronto Raptors,115,Phoenix Suns,123,Box Score,,0,
48,"Wed, Jan 6, 2021",10:00p,Los Angeles Clippers,108,Golden State Warriors,101,Box Score,,0,
49,"Wed, Jan 6, 2021",10:00p,Chicago Bulls,124,Sacramento Kings,128,Box Score,,0,
50,"Thu, Jan 7, 2021",7:30p,Philadelphia 76ers,109,Brooklyn Nets,122,Box Score,,0,
51,"Thu, Jan 7, 2021",8:00p,Cleveland Cavaliers,94,Memphis Grizzlies,90,Box Score,,0,
52,"Thu, Jan 7, 2021",10:00p,Dallas Mavericks,124,Denver Nuggets,117,Box Score,OT,0,
53,"Thu, Jan 7, 2021",10:00p,San Antonio Spurs,118,Los Angeles Lakers,109,Box Score,,0,
54,"Thu, Jan 7, 2021",10:00p,Minnesota Timberwolves,117,Portland Trail Blazers,135,Box Score,,0,
55,"Fri, Jan 8, 2021",7:00p,Phoenix Suns,105,Detroit Pistons,110,Box Score,OT,0,
56,"Fri, Jan 8, 2021",7:30p,Washington Wizards,107,Boston Celtics,116,Box Score,,0,
57,"Fri, Jan 8, 2021",7:30p,Charlotte Hornets,118,New Orleans Pelicans,110,Box Score,,750,
58,"Fri, Jan 8, 2021",7:30p,Oklahoma City Thunder,101,New York Knicks,89,Box Score,,0,
59,"Fri, Jan 8, 2021",8:00p,Orlando Magic,90,Houston Rockets,132,Box Score,,3039,
60,"Fri, Jan 8, 2021",8:00p,Brooklyn Nets,110,Memphis Grizzlies,115,Box Score,,0,
61,"Fri, Jan 8, 2021",8:00p,Utah Jazz,131,Milwaukee Bucks,118,Box Score,,0,
62,"Fri, Jan 8, 2021",10:00p,Los Angeles Clippers,105,Golden State Warriors,115,Box Score,,0,
63,"Fri, Jan 8, 2021",10:00p,Chicago Bulls,115,Los Angeles Lakers,117,Box Score,,0,
64,"Fri, Jan 8, 2021",10:00p,Toronto Raptors,144,Sacramento Kings,123,Box Score,,0,
65,"Sat, Jan 9, 2021",3:00p,Denver Nuggets,115,Philadelphia 76ers,103,Box Score,,0,
66,"Sat, Jan 9, 2021",7:00p,Atlanta Hawks,105,Charlotte Hornets,113,Box Score,,0,
67,"Sat, Jan 9, 2021",7:00p,Phoenix Suns,125,Indiana Pacers,117,Box Score,,0,
68,"Sat, Jan 9, 2021",7:00p,Miami Heat,128,Washington Wizards,124,Box Score,,0,
69,"Sat, Jan 9, 2021",8:00p,Cleveland Cavaliers,90,Milwaukee Bucks,100,Box Score,,0,
70,"Sat, Jan 9, 2021",8:00p,San Antonio Spurs,125,Minnesota Timberwolves,122,Box Score,OT,0,
71,Date,Start (ET),Visitor/Neutral,PTS,Home/Neutral,PTS,,,Attend.,Notes
72,"Sat, Jan 9, 2021",8:30p,Orlando Magic,98,Dallas Mavericks,112,Box Score,,0,
73,"Sat, Jan 9, 2021",10:00p,Portland Trail Blazers,125,Sacramento Kings,99,Box Score,,0,
74,"Sun, Jan 10, 2021",3:00p,Utah Jazz,96,Detroit Pistons,86,Box Score,,0,
75,"Sun, Jan 10, 2021",4:00p,Chicago Bulls,127,Los Angeles Clippers,130,Box Score,,0,
76,"Sun, Jan 10, 2021",6:00p,Oklahoma City Thunder,129,Brooklyn Nets,116,Box Score,,0,
77,"Sun, Jan 10, 2021",6:00p,Denver Nuggets,114,New York Knicks,89,Box Score,,0,
78,"Sun, Jan 10, 2021",7:00p,Los Angeles Lakers,120,Houston Rockets,102,Box Score,,3327,
79,"Sun, Jan 10, 2021",8:00p,San Antonio Spurs,88,Minnesota Timberwolves,96,Box Score,,0,
80,"Sun, Jan 10, 2021",8:30p,Toronto Raptors,105,Golden State Warriors,106,Box Score,,0,
81,"Mon, Jan 11, 2021",7:00p,New York Knicks,88,Charlotte Hornets,109,Box Score,,0,
82,"Mon, Jan 11, 2021",7:00p,Memphis Grizzlies,101,Cleveland Cavaliers,91,Box Score,,1944,
83,"Mon, Jan 11, 2021",7:00p,Milwaukee Bucks,121,Orlando Magic,99,Box Score,,3248,
84,"Mon, Jan 11, 2021",7:00p,Phoenix Suns,107,Washington Wizards,128,Box Score,,0,
85,"Mon, Jan 11, 2021",7:30p,Philadelphia 76ers,94,Atlanta Hawks,112,Box Score,,0,
86,"Mon, Jan 11, 2021",10:00p,Toronto Raptors,111,Portland Trail Blazers,112,Box Score,,0,
87,"Mon, Jan 11, 2021",10:00p,Indiana Pacers,122,Sacramento Kings,127,Box Score,,0,
88,"Tue, Jan 12, 2021",7:00p,Miami Heat,134,Philadelphia 76ers,137,Box Score,OT,0,
89,"Tue, Jan 12, 2021",7:30p,Denver Nuggets,116,Brooklyn Nets,122,Box Score,,0,
90,"Tue, Jan 12, 2021",7:30p,Utah Jazz,117,Cleveland Cavaliers,87,Box Score,,1944,
91,"Tue, Jan 12, 2021",8:00p,Los Angeles Lakers,117,Houston Rockets,100,Box Score,,3221,
92,"Tue, Jan 12, 2021",8:00p,San Antonio Spurs,112,Oklahoma City Thunder,102,Box Score,,0,
93,"Tue, Jan 12, 2021",10:30p,Indiana Pacers,104,Golden State Warriors,95,Box Score,,0,
94,"Wed, Jan 13, 2021",7:00p,Dallas Mavericks,104,Charlotte Hornets,93,Box Score,,0,
95,"Wed, Jan 13, 2021",7:00p,Milwaukee Bucks,110,Detroit Pistons,101,Box Score,,0,
96,"Wed, Jan 13, 2021",7:30p,Brooklyn Nets,116,New York Knicks,109,Box Score,,0,
97,"Wed, Jan 13, 2021",8:00p,Memphis Grizzlies,118,Minnesota Timberwolves,107,Box Score,,0,
98,"Wed, Jan 13, 2021",8:00p,Los Angeles Lakers,128,Oklahoma City Thunder,99,Box Score,,0,
99,"Wed, Jan 13, 2021",10:00p,New Orleans Pelicans,106,Los Angeles Clippers,111,Box Score,,0,
100,"Wed, Jan 13, 2021",10:00p,Portland Trail Blazers,132,Sacramento Kings,126,Box Score,,0,
101,"Thu, Jan 14, 2021",7:00p,Miami Heat,108,Philadelphia 76ers,125,Box Score,,0,
102,"Thu, Jan 14, 2021",7:30p,Houston Rockets,109,San Antonio Spurs,105,Box Score,,0,
103,"Thu, Jan 14, 2021",7:30p,Charlotte Hornets,108,Toronto Raptors,111,Box Score,,0,
104,"Thu, Jan 14, 2021",10:00p,Golden State Warriors,104,Denver Nuggets,114,Box Score,,0,
105,"Thu, Jan 14, 2021",10:00p,Indiana Pacers,111,Portland Trail Blazers,87,Box Score,,0,
106,"Fri, Jan 15, 2021",7:30p,Orlando Magic,97,Boston Celtics,124,Box Score,,0,
107,Date,Start (ET),Visitor/Neutral,PTS,Home/Neutral,PTS,,,Attend.,Notes
108,"Fri, Jan 15, 2021",7:30p,New York Knicks,103,Cleveland Cavaliers,106,Box Score,,1944,
109,"Fri, Jan 15, 2021",7:30p,Dallas Mavericks,109,Milwaukee Bucks,112,Box Score,,0,
110,"Fri, Jan 15, 2021",8:00p,Chicago Bulls,125,Oklahoma City Thunder,127,Box Score,OT,0,
111,"Fri, Jan 15, 2021",9:00p,Atlanta Hawks,92,Utah Jazz,116,Box Score,,1932,
112,"Fri, Jan 15, 2021",10:00p,New Orleans Pelicans,95,Los Angeles Lakers,112,Box Score,,0,
113,"Fri, Jan 15, 2021",10:00p,Los Angeles Clippers,138,Sacramento Kings,100,Box Score,,0,
114,"Sat, Jan 16, 2021",5:00p,Houston Rockets,91,San Antonio Spurs,103,Box Score,,0,
115,"Sat, Jan 16, 2021",6:00p,Orlando Magic,115,Brooklyn Nets,122,Box Score,,0,
116,"Sat, Jan 16, 2021",7:30p,Charlotte Hornets,113,Toronto Raptors,116,Box Score,,0,
117,"Sat, Jan 16, 2021",8:00p,Philadelphia 76ers,104,Memphis Grizzlies,106,Box Score,,206,
118,"Sat, Jan 16, 2021",8:00p,Detroit Pistons,120,Miami Heat,100,Box Score,,0,
119,"Sat, Jan 16, 2021",10:00p,Atlanta Hawks,106,Portland Trail Blazers,112,Box Score,,0,
120,"Sun, Jan 17, 2021",1:00p,New York Knicks,105,Boston Celtics,75,Box Score,,0,
121,"Sun, Jan 17, 2021",3:00p,Chicago Bulls,117,Dallas Mavericks,101,Box Score,,0,
122,"Sun, Jan 17, 2021",8:00p,Utah Jazz,109,Denver Nuggets,105,Box Score,,0,
123,"Sun, Jan 17, 2021",9:00p,New Orleans Pelicans,128,Sacramento Kings,123,Box Score,,0,
124,"Sun, Jan 17, 2021",10:00p,Indiana Pacers,96,Los Angeles Clippers,129,Box Score,,0,
125,"Mon, Jan 18, 2021",12:00p,Orlando Magic,84,New York Knicks,91,Box Score,,0,
126,"Mon, Jan 18, 2021",2:30p,Minnesota Timberwolves,97,Atlanta Hawks,108,Box Score,,0,
127,"Mon, Jan 18, 2021",3:00p,San Antonio Spurs,125,Portland Trail Blazers,104,Box Score,,0,
128,"Mon, Jan 18, 2021",5:00p,Phoenix Suns,104,Memphis Grizzlies,108,Box Score,,204,
129,"Mon, Jan 18, 2021",7:30p,Milwaukee Bucks,123,Brooklyn Nets,125,Box Score,,0,
130,"Mon, Jan 18, 2021",7:30p,Dallas Mavericks,93,Toronto Raptors,116,Box Score,,0,
131,"Mon, Jan 18, 2021",8:00p,Houston Rockets,120,Chicago Bulls,125,Box Score,,0,
132,"Mon, Jan 18, 2021",8:00p,Detroit Pistons,107,Miami Heat,113,Box Score,,0,
133,"Mon, Jan 18, 2021",10:00p,Golden State Warriors,115,Los Angeles Lakers,113,Box Score,,0,
134,"Tue, Jan 19, 2021",9:00p,Oklahoma City Thunder,101,Denver Nuggets,119,Box Score,,0,
135,"Tue, Jan 19, 2021",9:00p,New Orleans Pelicans,102,Utah Jazz,118,Box Score,,1932,
136,"Wed, Jan 20, 2021",7:00p,Brooklyn Nets,135,Cleveland Cavaliers,147,Box Score,2OT,1944,
137,"Wed, Jan 20, 2021",7:00p,Dallas Mavericks,124,Indiana Pacers,112,Box Score,,0,
138,"Wed, Jan 20, 2021",7:00p,Boston Celtics,109,Philadelphia 76ers,117,Box Score,,0,
139,"Wed, Jan 20, 2021",7:30p,Detroit Pistons,115,Atlanta Hawks,123,Box Score,OT,0,
140,"Wed, Jan 20, 2021",7:30p,Miami Heat,111,Toronto Raptors,102,Box Score,,0,
141,"Wed, Jan 20, 2021",8:00p,Orlando Magic,97,Minnesota Timberwolves,96,Box Score,,0,
142,"Wed, Jan 20, 2021",9:30p,Phoenix Suns,109,Houston Rockets,103,Box Score,,3022,
143,Date,Start (ET),Visitor/Neutral,PTS,Home/Neutral,PTS,,,Attend.,Notes
144,"Wed, Jan 20, 2021",10:00p,San Antonio Spurs,99,Golden State Warriors,121,Box Score,,0,
145,"Wed, Jan 20, 2021",10:00p,Sacramento Kings,96,Los Angeles Clippers,115,Box Score,,0,
146,"Thu, Jan 21, 2021",7:30p,Los Angeles Lakers,113,Milwaukee Bucks,106,Box Score,,0,
147,"Thu, Jan 21, 2021",10:00p,New York Knicks,119,Golden State Warriors,104,Box Score,,0,
148,"Thu, Jan 21, 2021",10:00p,New Orleans Pelicans,118,Utah Jazz,129,Box Score,,1932,
149,"Fri, Jan 22, 2021",7:00p,Chicago Bulls,123,Charlotte Hornets,110,Box Score,,0,
150,"Fri, Jan 22, 2021",7:00p,Houston Rockets,103,Detroit Pistons,102,Box Score,,0,
151,"Fri, Jan 22, 2021",7:00p,Orlando Magic,118,Indiana Pacers,120,Box Score,OT,0,
152,"Fri, Jan 22, 2021",7:30p,Brooklyn Nets,113,Cleveland Cavaliers,125,Box Score,,1944,
153,"Fri, Jan 22, 2021",7:30p,Boston Celtics,110,Philadelphia 76ers,122,Box Score,,0,
154,"Fri, Jan 22, 2021",7:30p,Miami Heat,81,Toronto Raptors,101,Box Score,,0,
155,"Fri, Jan 22, 2021",8:00p,Atlanta Hawks,116,Minnesota Timberwolves,98,Box Score,,0,
156,"Fri, Jan 22, 2021",8:30p,Dallas Mavericks,122,San Antonio Spurs,117,Box Score,,0,
157,"Fri, Jan 22, 2021",10:00p,Oklahoma City Thunder,106,Los Angeles Clippers,120,Box Score,,0,
158,"Fri, Jan 22, 2021",10:00p,Denver Nuggets,130,Phoenix Suns,126,Box Score,OT,0,
159,"Fri, Jan 22, 2021",10:00p,New York Knicks,94,Sacramento Kings,103,Box Score,,0,
160,"Sat, Jan 23, 2021",8:00p,Miami Heat,124,Brooklyn Nets,128,Box Score,,0,
161,"Sat, Jan 23, 2021",8:00p,Philadelphia 76ers,114,Detroit Pistons,110,Box Score,,0,
162,"Sat, Jan 23, 2021",8:00p,New Orleans Pelicans,110,Minnesota Timberwolves,120,Box Score,,0,
163,"Sat, Jan 23, 2021",9:00p,Los Angeles Lakers,101,Chicago Bulls,90,Box Score,,0,
164,"Sat, Jan 23, 2021",9:00p,Houston Rockets,133,Dallas Mavericks,108,Box Score,,0,
165,"Sat, Jan 23, 2021",9:00p,Denver Nuggets,120,Phoenix Suns,112,Box Score,2OT,0,
166,"Sat, Jan 23, 2021",9:00p,Golden State Warriors,108,Utah Jazz,127,Box Score,,1932,
167,"Sun, Jan 24, 2021",1:00p,Toronto Raptors,107,Indiana Pacers,102,Box Score,,0,
168,"Sun, Jan 24, 2021",4:00p,Oklahoma City Thunder,100,Los Angeles Clippers,108,Box Score,,0,
169,"Sun, Jan 24, 2021",7:00p,Cleveland Cavaliers,103,Boston Celtics,141,Box Score,,0,
170,"Sun, Jan 24, 2021",7:00p,Charlotte Hornets,107,Orlando Magic,104,Box Score,,3507,
171,"Sun, Jan 24, 2021",8:00p,Atlanta Hawks,115,Milwaukee Bucks,129,Box Score,,0,
172,"Sun, Jan 24, 2021",8:00p,Washington Wizards,101,San Antonio Spurs,121,Box Score,,0,
173,"Sun, Jan 24, 2021",10:00p,New York Knicks,113,Portland Trail Blazers,116,Box Score,,0,
174,"Mon, Jan 25, 2021",7:00p,Philadelphia 76ers,104,Detroit Pistons,119,Box Score,,0,
175,"Mon, Jan 25, 2021",7:00p,Toronto Raptors,114,Indiana Pacers,129,Box Score,,0,
176,"Mon, Jan 25, 2021",7:00p,Charlotte Hornets,108,Orlando Magic,117,Box Score,,3167,
177,"Mon, Jan 25, 2021",7:30p,Miami Heat,85,Brooklyn Nets,98,Box Score,,0,
178,"Mon, Jan 25, 2021",8:00p,Los Angeles Lakers,115,Cleveland Cavaliers,108,Box Score,,0,
179,Date,Start (ET),Visitor/Neutral,PTS,Home/Neutral,PTS,,,Attend.,Notes
180,"Mon, Jan 25, 2021",8:30p,Denver Nuggets,117,Dallas Mavericks,113,Box Score,,0,
181,"Mon, Jan 25, 2021",9:00p,Boston Celtics,119,Chicago Bulls,103,Box Score,,0,
182,"Mon, Jan 25, 2021",10:00p,Minnesota Timberwolves,108,Golden State Warriors,130,Box Score,,0,
183,"Mon, Jan 25, 2021",10:00p,Oklahoma City Thunder,125,Portland Trail Blazers,122,Box Score,,0,
184,"Tue, Jan 26, 2021",7:30p,Los Angeles Clippers,99,Atlanta Hawks,108,Box Score,,1180,
185,"Tue, Jan 26, 2021",8:00p,Washington Wizards,88,Houston Rockets,107,Box Score,,2996,
186,"Tue, Jan 26, 2021",9:00p,New York Knicks,94,Utah Jazz,108,Box Score,,1932,
187,"Wed, Jan 27, 2021",7:00p,Indiana Pacers,116,Charlotte Hornets,106,Box Score,,0,
188,"Wed, Jan 27, 2021",7:00p,Detroit Pistons,107,Cleveland Cavaliers,122,Box Score,,1944,
189,"Wed, Jan 27, 2021",7:00p,Sacramento Kings,121,Orlando Magic,107,Box Score,,3216,
190,"Wed, Jan 27, 2021",7:30p,Brooklyn Nets,132,Atlanta Hawks,128,Box Score,OT,1008,
191,"Wed, Jan 27, 2021",7:30p,Denver Nuggets,109,Miami Heat,82,Box Score,,0,
192,"Wed, Jan 27, 2021",7:30p,Los Angeles Lakers,106,Philadelphia 76ers,107,Box Score,,0,
193,"Wed, Jan 27, 2021",7:30p,Milwaukee Bucks,115,Toronto Raptors,108,Box Score,,0,
194,"Wed, Jan 27, 2021",8:30p,Boston Celtics,106,San Antonio Spurs,110,Box Score,,0,
195,"Wed, Jan 27, 2021",9:00p,Washington Wizards,106,New Orleans Pelicans,124,Box Score,,750,
196,"Wed, Jan 27, 2021",9:00p,Oklahoma City Thunder,102,Phoenix Suns,97,Box Score,,0,
197,"Wed, Jan 27, 2021",9:00p,Dallas Mavericks,104,Utah Jazz,116,Box Score,,0,
198,"Wed, Jan 27, 2021",10:00p,Minnesota Timberwolves,111,Golden State Warriors,123,Box Score,,0,
199,"Thu, Jan 28, 2021",7:30p,Portland Trail Blazers,101,Houston Rockets,104,Box Score,,3154,
200,"Thu, Jan 28, 2021",8:00p,Los Angeles Lakers,92,Detroit Pistons,107,Box Score,,0,
201,"Thu, Jan 28, 2021",8:00p,Los Angeles Clippers,109,Miami Heat,105,Box Score,,0,
202,"Thu, Jan 28, 2021",10:00p,Golden State Warriors,93,Phoenix Suns,114,Box Score,,0,
203,"Fri, Jan 29, 2021",7:00p,Indiana Pacers,105,Charlotte Hornets,108,Box Score,,0,
204,"Fri, Jan 29, 2021",7:00p,Atlanta Hawks,116,Washington Wizards,100,Box Score,,0,
205,"Fri, Jan 29, 2021",7:30p,Milwaukee Bucks,126,New Orleans Pelicans,131,Box Score,,1440,
206,"Fri, Jan 29, 2021",7:30p,Cleveland Cavaliers,81,New York Knicks,102,Box Score,,0,
207,"Fri, Jan 29, 2021",7:30p,Sacramento Kings,126,Toronto Raptors,124,Box Score,,0,
208,"Fri, Jan 29, 2021",8:00p,Philadelphia 76ers,118,Minnesota Timberwolves,94,Box Score,,0,
209,"Fri, Jan 29, 2021",8:00p,Brooklyn Nets,147,Oklahoma City Thunder,125,Box Score,,0,
210,"Fri, Jan 29, 2021",8:00p,Los Angeles Clippers,116,Orlando Magic,90,Box Score,,3763,
211,"Fri, Jan 29, 2021",8:30p,Denver Nuggets,109,San Antonio Spurs,119,Box Score,,0,
212,"Fri, Jan 29, 2021",10:00p,Dallas Mavericks,101,Utah Jazz,120,Box Score,,1932,
213,"Sat, Jan 30, 2021",8:00p,Portland Trail Blazers,123,Chicago Bulls,122,Box Score,,0,
214,"Sat, Jan 30, 2021",8:00p,Milwaukee Bucks,114,Charlotte Hornets,126,Box Score,,0,
215,Date,Start (ET),Visitor/Neutral,PTS,Home/Neutral,PTS,,,Attend.,Notes
216,"Sat, Jan 30, 2021",8:00p,Sacramento Kings,104,Miami Heat,105,Box Score,,0,
217,"Sat, Jan 30, 2021",8:00p,Houston Rockets,126,New Orleans Pelicans,112,Box Score,,1440,
218,"Sat, Jan 30, 2021",8:30p,Los Angeles Lakers,96,Boston Celtics,95,Box Score,,0,
219,"Sat, Jan 30, 2021",8:30p,Memphis Grizzlies,129,San Antonio Spurs,112,Box Score,,0,
220,"Sat, Jan 30, 2021",9:00p,Phoenix Suns,111,Dallas Mavericks,105,Box Score,,0,
221,"Sat, Jan 30, 2021",10:00p,Detroit Pistons,91,Golden State Warriors,118,Box Score,,0,
222,"Sun, Jan 31, 2021",1:00p,Los Angeles Clippers,129,New York Knicks,115,Box Score,,0,
223,"Sun, Jan 31, 2021",3:30p,Utah Jazz,117,Denver Nuggets,128,Box Score,,0,
224,"Sun, Jan 31, 2021",7:00p,Philadelphia 76ers,119,Indiana Pacers,110,Box Score,,0,
225,"Sun, Jan 31, 2021",7:00p,Orlando Magic,102,Toronto Raptors,115,Box Score,,0,
226,"Sun, Jan 31, 2021",7:00p,Brooklyn Nets,146,Washington Wizards,149,Box Score,,0,
227,"Sun, Jan 31, 2021",8:00p,Cleveland Cavaliers,104,Minnesota Timberwolves,109,Box Score,,0,
0,"Mon, Feb 1, 2021",7:30p,Los Angeles Lakers,107,Atlanta Hawks,99,Box Score,,1341,
1,"Mon, Feb 1, 2021",7:30p,Charlotte Hornets,129,Miami Heat,121,Box Score,OT,0,
2,"Mon, Feb 1, 2021",8:00p,New York Knicks,102,Chicago Bulls,110,Box Score,,0,
3,"Mon, Feb 1, 2021",8:00p,Minnesota Timberwolves,98,Cleveland Cavaliers,100,Box Score,,0,
4,"Mon, Feb 1, 2021",8:00p,Portland Trail Blazers,106,Milwaukee Bucks,134,Box Score,,0,
5,"Mon, Feb 1, 2021",8:00p,Sacramento Kings,118,New Orleans Pelicans,109,Box Score,,1440,
6,"Mon, Feb 1, 2021",8:00p,Houston Rockets,136,Oklahoma City Thunder,106,Box Score,,0,
7,"Mon, Feb 1, 2021",8:30p,Phoenix Suns,109,Dallas Mavericks,108,Box Score,,0,
8,"Mon, Feb 1, 2021",8:30p,Memphis Grizzlies,133,San Antonio Spurs,102,Box Score,,0,
9,"Tue, Feb 2, 2021",7:00p,Toronto Raptors,123,Orlando Magic,108,Box Score,,3211,
10,"Tue, Feb 2, 2021",7:30p,Los Angeles Clippers,120,Brooklyn Nets,124,Box Score,,0,
11,"Tue, Feb 2, 2021",8:00p,Memphis Grizzlies,116,Indiana Pacers,134,Box Score,,0,
12,"Tue, Feb 2, 2021",8:00p,Portland Trail Blazers,132,Washington Wizards,121,Box Score,,0,
13,"Tue, Feb 2, 2021",10:00p,Boston Celtics,111,Golden State Warriors,107,Box Score,,0,
14,"Tue, Feb 2, 2021",10:00p,Detroit Pistons,105,Utah Jazz,117,Box Score,,3902,
15,"Wed, Feb 3, 2021",7:00p,Philadelphia 76ers,118,Charlotte Hornets,111,Box Score,,0,
16,"Wed, Feb 3, 2021",7:00p,Indiana Pacers,110,Milwaukee Bucks,130,Box Score,,0,
17,"Wed, Feb 3, 2021",7:30p,Dallas Mavericks,122,Atlanta Hawks,116,Box Score,,1259,
18,"Wed, Feb 3, 2021",8:00p,New York Knicks,107,Chicago Bulls,103,Box Score,,0,
19,"Wed, Feb 3, 2021",8:00p,Los Angeles Clippers,121,Cleveland Cavaliers,99,Box Score,,1944,
20,"Wed, Feb 3, 2021",8:00p,Washington Wizards,103,Miami Heat,100,Box Score,,0,
21,"Wed, Feb 3, 2021",8:00p,Houston Rockets,87,Oklahoma City Thunder,104,Box Score,,0,
22,"Wed, Feb 3, 2021",8:30p,Minnesota Timberwolves,108,San Antonio Spurs,111,Box Score,,0,
23,"Wed, Feb 3, 2021",9:30p,Phoenix Suns,101,New Orleans Pelicans,123,Box Score,,1440,
24,"Wed, Feb 3, 2021",10:00p,Boston Celtics,111,Sacramento Kings,116,Box Score,,0,
25,"Thu, Feb 4, 2021",7:30p,Utah Jazz,112,Atlanta Hawks,91,Box Score,,1261,
26,"Thu, Feb 4, 2021",7:30p,Golden State Warriors,147,Dallas Mavericks,116,Box Score,,0,
27,"Thu, Feb 4, 2021",8:00p,Portland Trail Blazers,121,Philadelphia 76ers,105,Box Score,,0,
28,"Thu, Feb 4, 2021",9:00p,Houston Rockets,115,Memphis Grizzlies,103,Box Score,,1762,
29,"Thu, Feb 4, 2021",10:00p,Denver Nuggets,93,Los Angeles Lakers,114,Box Score,,0,
30,"Fri, Feb 5, 2021",7:00p,New Orleans Pelicans,114,Indiana Pacers,113,Box Score,,0,
31,"Fri, Feb 5, 2021",7:00p,Chicago Bulls,119,Orlando Magic,123,Box Score,,3535,
32,"Fri, Feb 5, 2021",7:30p,Toronto Raptors,123,Brooklyn Nets,117,Box Score,,0,
33,"Fri, Feb 5, 2021",7:30p,Milwaukee Bucks,123,Cleveland Cavaliers,105,Box Score,,2720,
34,"Fri, Feb 5, 2021",8:00p,Utah Jazz,138,Charlotte Hornets,121,Box Score,,0,
35,Date,Start (ET),Visitor/Neutral,PTS,Home/Neutral,PTS,,,Attend.,Notes
36,"Fri, Feb 5, 2021",8:00p,Washington Wizards,95,Miami Heat,122,Box Score,,0,
37,"Fri, Feb 5, 2021",8:00p,Minnesota Timberwolves,106,Oklahoma City Thunder,103,Box Score,,0,
38,"Fri, Feb 5, 2021",9:00p,Detroit Pistons,92,Phoenix Suns,109,Box Score,,0,
39,"Fri, Feb 5, 2021",10:00p,Boston Celtics,119,Los Angeles Clippers,115,Box Score,,0,
40,"Sat, Feb 6, 2021",1:00p,Portland Trail Blazers,99,New York Knicks,110,Box Score,,0,
41,"Sat, Feb 6, 2021",5:00p,Denver Nuggets,114,Sacramento Kings,119,Box Score,,0,
42,"Sat, Feb 6, 2021",7:00p,Chicago Bulls,118,Orlando Magic,92,Box Score,,3880,
43,"Sat, Feb 6, 2021",8:00p,Toronto Raptors,121,Atlanta Hawks,132,Box Score,,991,
44,"Sat, Feb 6, 2021",8:00p,Milwaukee Bucks,124,Cleveland Cavaliers,99,Box Score,,2720,
45,"Sat, Feb 6, 2021",8:00p,San Antonio Spurs,111,Houston Rockets,106,Box Score,,3313,
46,"Sat, Feb 6, 2021",8:00p,Minnesota Timberwolves,118,Oklahoma City Thunder,120,Box Score,,0,
47,"Sat, Feb 6, 2021",8:00p,Brooklyn Nets,108,Philadelphia 76ers,124,Box Score,,0,
48,"Sat, Feb 6, 2021",8:30p,Golden State Warriors,132,Dallas Mavericks,134,Box Score,,0,
49,"Sat, Feb 6, 2021",9:00p,Memphis Grizzlies,109,New Orleans Pelicans,118,Box Score,,1440,
50,"Sat, Feb 6, 2021",10:00p,Detroit Pistons,129,Los Angeles Lakers,135,Box Score,2OT,0,
51,"Sun, Feb 7, 2021",1:00p,Washington Wizards,97,Charlotte Hornets,119,Box Score,,0,
52,"Sun, Feb 7, 2021",1:00p,Utah Jazz,103,Indiana Pacers,95,Box Score,,0,
53,"Sun, Feb 7, 2021",1:00p,Miami Heat,109,New York Knicks,103,Box Score,,0,
54,"Sun, Feb 7, 2021",2:00p,Boston Celtics,91,Phoenix Suns,100,Box Score,,1493,
55,"Sun, Feb 7, 2021",3:00p,Sacramento Kings,113,Los Angeles Clippers,110,Box Score,,0,
56,"Mon, Feb 8, 2021",7:00p,Houston Rockets,94,Charlotte Hornets,119,Box Score,,0,
57,"Mon, Feb 8, 2021",8:00p,Washington Wizards,105,Chicago Bulls,101,Box Score,,0,
58,"Mon, Feb 8, 2021",8:00p,Toronto Raptors,128,Memphis Grizzlies,113,Box Score,,1844,
59,"Mon, Feb 8, 2021",8:30p,Minnesota Timberwolves,122,Dallas Mavericks,127,Box Score,,1000,
60,"Mon, Feb 8, 2021",8:30p,Golden State Warriors,100,San Antonio Spurs,105,Box Score,,0,
61,"Mon, Feb 8, 2021",9:00p,Cleveland Cavaliers,113,Phoenix Suns,119,Box Score,,1485,
62,"Mon, Feb 8, 2021",9:30p,Milwaukee Bucks,125,Denver Nuggets,112,Box Score,,0,
63,"Mon, Feb 8, 2021",10:00p,Oklahoma City Thunder,112,Los Angeles Lakers,119,Box Score,OT,0,
64,"Tue, Feb 9, 2021",7:00p,Brooklyn Nets,111,Detroit Pistons,122,Box Score,,0,
65,"Tue, Feb 9, 2021",7:30p,New York Knicks,96,Miami Heat,98,Box Score,,0,
66,"Tue, Feb 9, 2021",7:30p,Houston Rockets,101,New Orleans Pelicans,130,Box Score,,1900,
67,"Tue, Feb 9, 2021",8:30p,Golden State Warriors,114,San Antonio Spurs,91,Box Score,,0,
68,"Tue, Feb 9, 2021",10:00p,Orlando Magic,97,Portland Trail Blazers,106,Box Score,,0,
69,"Tue, Feb 9, 2021",10:00p,Philadelphia 76ers,119,Sacramento Kings,111,Box Score,,0,
70,"Tue, Feb 9, 2021",10:00p,Boston Celtics,108,Utah Jazz,122,Box Score,,3902,
71,Date,Start (ET),Visitor/Neutral,PTS,Home/Neutral,PTS,,,Attend.,Notes
72,"Wed, Feb 10, 2021",7:00p,Toronto Raptors,137,Washington Wizards,115,Box Score,,0,
73,"Wed, Feb 10, 2021",7:30p,Atlanta Hawks,117,Dallas Mavericks,118,Box Score,,1000,
74,"Wed, Feb 10, 2021",8:00p,Indiana Pacers,94,Brooklyn Nets,104,Box Score,,0,
75,"Wed, Feb 10, 2021",8:00p,Charlotte Hornets,114,Memphis Grizzlies,130,Box Score,,1830,
76,"Wed, Feb 10, 2021",8:00p,Los Angeles Clippers,119,Minnesota Timberwolves,112,Box Score,,0,
77,"Wed, Feb 10, 2021",9:00p,New Orleans Pelicans,116,Chicago Bulls,129,Box Score,,0,
78,"Wed, Feb 10, 2021",9:00p,Cleveland Cavaliers,95,Denver Nuggets,133,Box Score,,0,
79,"Wed, Feb 10, 2021",10:00p,Oklahoma City Thunder,113,Los Angeles Lakers,114,Box Score,OT,0,
80,"Wed, Feb 10, 2021",10:00p,Milwaukee Bucks,124,Phoenix Suns,125,Box Score,,1491,
81,"Thu, Feb 11, 2021",7:30p,Toronto Raptors,106,Boston Celtics,120,Box Score,,0,
82,"Thu, Feb 11, 2021",7:30p,Miami Heat,101,Houston Rockets,94,Box Score,,3251,
83,"Thu, Feb 11, 2021",8:00p,Indiana Pacers,111,Detroit Pistons,95,Box Score,,0,
84,"Thu, Feb 11, 2021",10:00p,Orlando Magic,105,Golden State Warriors,111,Box Score,,0,
85,"Thu, Feb 11, 2021",10:00p,Philadelphia 76ers,114,Portland Trail Blazers,118,Box Score,,0,
86,"Fri, Feb 12, 2021",7:00p,Minnesota Timberwolves,114,Charlotte Hornets,120,Box Score,,0,
87,"Fri, Feb 12, 2021",7:00p,New York Knicks,109,Washington Wizards,91,Box Score,,0,
88,"Fri, Feb 12, 2021",7:30p,San Antonio Spurs,125,Atlanta Hawks,114,Box Score,,1451,
89,"Fri, Feb 12, 2021",7:30p,New Orleans Pelicans,130,Dallas Mavericks,143,Box Score,,1514,
90,"Fri, Feb 12, 2021",8:00p,Detroit Pistons,108,Boston Celtics,102,Box Score,,0,
91,"Fri, Feb 12, 2021",8:00p,Los Angeles Clippers,125,Chicago Bulls,106,Box Score,,0,
92,"Fri, Feb 12, 2021",9:00p,Oklahoma City Thunder,95,Denver Nuggets,97,Box Score,,0,
93,"Fri, Feb 12, 2021",9:00p,Milwaukee Bucks,115,Utah Jazz,129,Box Score,,3902,
94,"Fri, Feb 12, 2021",10:00p,Memphis Grizzlies,105,Los Angeles Lakers,115,Box Score,,0,
95,"Fri, Feb 12, 2021",10:00p,Cleveland Cavaliers,110,Portland Trail Blazers,129,Box Score,,0,
96,"Fri, Feb 12, 2021",10:00p,Orlando Magic,123,Sacramento Kings,112,Box Score,,0,
97,"Sat, Feb 13, 2021",3:00p,Philadelphia 76ers,111,Phoenix Suns,120,Box Score,,1652,
98,"Sat, Feb 13, 2021",7:30p,Indiana Pacers,125,Atlanta Hawks,113,Box Score,,1393,
99,"Sat, Feb 13, 2021",8:00p,Houston Rockets,99,New York Knicks,121,Box Score,,0,
100,"Sat, Feb 13, 2021",8:30p,Brooklyn Nets,134,Golden State Warriors,117,Box Score,,0,
101,"Sat, Feb 13, 2021",9:00p,Miami Heat,94,Utah Jazz,112,Box Score,,3902,
102,"Sun, Feb 14, 2021",1:00p,Boston Celtics,91,Washington Wizards,104,Box Score,,0,
103,"Sun, Feb 14, 2021",7:00p,San Antonio Spurs,122,Charlotte Hornets,110,Box Score,,0,
104,"Sun, Feb 14, 2021",7:00p,New Orleans Pelicans,112,Detroit Pistons,123,Box Score,,0,
105,"Sun, Feb 14, 2021",7:00p,Minnesota Timberwolves,116,Toronto Raptors,112,Box Score,,0,
106,"Sun, Feb 14, 2021",7:30p,Portland Trail Blazers,121,Dallas Mavericks,118,Box Score,,2211,
107,Date,Start (ET),Visitor/Neutral,PTS,Home/Neutral,PTS,,,Attend.,Notes
108,"Sun, Feb 14, 2021",8:00p,Milwaukee Bucks,109,Oklahoma City Thunder,114,Box Score,,0,
109,"Sun, Feb 14, 2021",9:00p,Orlando Magic,90,Phoenix Suns,109,Box Score,,1732,
110,"Sun, Feb 14, 2021",10:00p,Los Angeles Lakers,105,Denver Nuggets,122,Box Score,,0,
111,"Sun, Feb 14, 2021",10:00p,Cleveland Cavaliers,111,Los Angeles Clippers,128,Box Score,,0,
112,"Sun, Feb 14, 2021",10:00p,Memphis Grizzlies,124,Sacramento Kings,110,Box Score,,0,
113,"Mon, Feb 15, 2021",7:00p,Chicago Bulls,120,Indiana Pacers,112,Box Score,OT,0,
114,"Mon, Feb 15, 2021",7:00p,Houston Rockets,119,Washington Wizards,131,Box Score,,0,
115,"Mon, Feb 15, 2021",7:30p,Atlanta Hawks,112,New York Knicks,123,Box Score,,0,
116,"Mon, Feb 15, 2021",9:00p,Philadelphia 76ers,123,Utah Jazz,134,Box Score,,3902,
117,"Mon, Feb 15, 2021",10:00p,Cleveland Cavaliers,98,Golden State Warriors,129,Box Score,,,
118,"Mon, Feb 15, 2021",10:00p,Miami Heat,118,Los Angeles Clippers,125,Box Score,,0,
119,"Mon, Feb 15, 2021",10:00p,Brooklyn Nets,136,Sacramento Kings,125,Box Score,,0,
120,"Tue, Feb 16, 2021",7:00p,Denver Nuggets,,Boston Celtics,,,,,
121,"Tue, Feb 16, 2021",8:00p,New Orleans Pelicans,,Memphis Grizzlies,,,,,
122,"Tue, Feb 16, 2021",8:00p,Toronto Raptors,,Milwaukee Bucks,,,,,
123,"Tue, Feb 16, 2021",8:00p,Los Angeles Lakers,,Minnesota Timberwolves,,,,,
124,"Tue, Feb 16, 2021",8:00p,Portland Trail Blazers,,Oklahoma City Thunder,,,,,
125,"Tue, Feb 16, 2021",10:30p,Brooklyn Nets,,Phoenix Suns,,,,,
126,"Wed, Feb 17, 2021",7:00p,Chicago Bulls,,Charlotte Hornets,,,,,
127,"Wed, Feb 17, 2021",7:00p,New York Knicks,,Orlando Magic,,,,,
128,"Wed, Feb 17, 2021",7:30p,Atlanta Hawks,,Boston Celtics,,,,,
129,"Wed, Feb 17, 2021",7:30p,Houston Rockets,,Philadelphia 76ers,,,,,
130,"Wed, Feb 17, 2021",8:00p,San Antonio Spurs,,Cleveland Cavaliers,,,,,
131,"Wed, Feb 17, 2021",8:00p,Indiana Pacers,,Minnesota Timberwolves,,,,,
132,"Wed, Feb 17, 2021",8:00p,Denver Nuggets,,Washington Wizards,,,,,
133,"Wed, Feb 17, 2021",9:00p,Detroit Pistons,,Dallas Mavericks,,,,,
134,"Wed, Feb 17, 2021",9:00p,Oklahoma City Thunder,,Memphis Grizzlies,,,,,
135,"Wed, Feb 17, 2021",9:00p,Portland Trail Blazers,,New Orleans Pelicans,,,,,
136,"Wed, Feb 17, 2021",10:00p,Miami Heat,,Golden State Warriors,,,,,
137,"Wed, Feb 17, 2021",10:00p,Utah Jazz,,Los Angeles Clippers,,,,,
138,"Thu, Feb 18, 2021",7:30p,Toronto Raptors,,Milwaukee Bucks,,,,,
139,"Thu, Feb 18, 2021",10:00p,Brooklyn Nets,,Los Angeles Lakers,,,,,
140,"Thu, Feb 18, 2021",10:00p,Miami Heat,,Sacramento Kings,,,,,
141,"Fri, Feb 19, 2021",7:00p,Denver Nuggets,,Charlotte Hornets,,,,,
142,"Fri, Feb 19, 2021",7:00p,Golden State Warriors,,Orlando Magic,,,,,
143,Date,Start (ET),Visitor/Neutral,PTS,Home/Neutral,PTS,,,Attend.,Notes
144,"Fri, Feb 19, 2021",7:30p,Atlanta Hawks,,Boston Celtics,,,,,
145,"Fri, Feb 19, 2021",7:30p,Chicago Bulls,,Philadelphia 76ers,,,,,
146,"Fri, Feb 19, 2021",8:00p,Dallas Mavericks,,Houston Rockets,,,,,
147,"Fri, Feb 19, 2021",8:00p,Detroit Pistons,,Memphis Grizzlies,,,,,
148,"Fri, Feb 19, 2021",8:00p,Oklahoma City Thunder,,Milwaukee Bucks,,,,,
149,"Fri, Feb 19, 2021",8:00p,Phoenix Suns,,New Orleans Pelicans,,,,,
150,"Fri, Feb 19, 2021",9:00p,Toronto Raptors,,Minnesota Timberwolves,,,,,
151,"Fri, Feb 19, 2021",10:00p,Utah Jazz,,Los Angeles Clippers,,,,,
152,"Sat, Feb 20, 2021",1:00p,San Antonio Spurs,,New York Knicks,,,,,
153,"Sat, Feb 20, 2021",8:00p,Golden State Warriors,,Charlotte Hornets,,,,,
154,"Sat, Feb 20, 2021",8:00p,Indiana Pacers,,Houston Rockets,,,,,
155,"Sat, Feb 20, 2021",8:30p,Miami Heat,,Los Angeles Lakers,,,,,
156,"Sat, Feb 20, 2021",9:00p,Sacramento Kings,,Chicago Bulls,,,,,
157,"Sat, Feb 20, 2021",9:00p,Phoenix Suns,,Memphis Grizzlies,,,,,
158,"Sat, Feb 20, 2021",10:00p,Washington Wizards,,Portland Trail Blazers,,,,,
159,"Sun, Feb 21, 2021",3:30p,Boston Celtics,,New Orleans Pelicans,,,,,
160,"Sun, Feb 21, 2021",7:00p,Oklahoma City Thunder,,Cleveland Cavaliers,,,,,
161,"Sun, Feb 21, 2021",7:00p,Minnesota Timberwolves,,New York Knicks,,,,,
162,"Sun, Feb 21, 2021",7:00p,Detroit Pistons,,Orlando Magic,,,,,
163,"Sun, Feb 21, 2021",7:00p,Philadelphia 76ers,,Toronto Raptors,,,,,
164,"Sun, Feb 21, 2021",7:30p,Denver Nuggets,,Atlanta Hawks,,,,,
165,"Sun, Feb 21, 2021",8:00p,Brooklyn Nets,,Los Angeles Clippers,,,,,
166,"Sun, Feb 21, 2021",9:00p,Sacramento Kings,,Milwaukee Bucks,,,,,
167,"Mon, Feb 22, 2021",7:00p,San Antonio Spurs,,Indiana Pacers,,,,,
168,"Mon, Feb 22, 2021",8:00p,Chicago Bulls,,Houston Rockets,,,,,
169,"Mon, Feb 22, 2021",8:30p,Memphis Grizzlies,,Dallas Mavericks,,,,,
170,"Mon, Feb 22, 2021",9:00p,Miami Heat,,Oklahoma City Thunder,,,,,
171,"Mon, Feb 22, 2021",9:00p,Portland Trail Blazers,,Phoenix Suns,,,,,
172,"Mon, Feb 22, 2021",9:00p,Charlotte Hornets,,Utah Jazz,,,,,
173,"Mon, Feb 22, 2021",10:00p,Washington Wizards,,Los Angeles Lakers,,,,,
174,"Tue, Feb 23, 2021",7:00p,Atlanta Hawks,,Cleveland Cavaliers,,,,,
175,"Tue, Feb 23, 2021",7:00p,Detroit Pistons,,Orlando Magic,,,,,
176,"Tue, Feb 23, 2021",7:30p,Sacramento Kings,,Brooklyn Nets,,,,,
177,"Tue, Feb 23, 2021",7:30p,Boston Celtics,,Dallas Mavericks,,,,,
178,"Tue, Feb 23, 2021",7:30p,Golden State Warriors,,New York Knicks,,,,,
179,Date,Start (ET),Visitor/Neutral,PTS,Home/Neutral,PTS,,,Attend.,Notes
180,"Tue, Feb 23, 2021",7:30p,Philadelphia 76ers,,Toronto Raptors,,,,,
181,"Tue, Feb 23, 2021",8:00p,Minnesota Timberwolves,,Milwaukee Bucks,,,,,
182,"Tue, Feb 23, 2021",10:00p,Portland Trail Blazers,,Denver Nuggets,,,,,
183,"Tue, Feb 23, 2021",10:00p,Washington Wizards,,Los Angeles Clippers,,,,,
184,"Wed, Feb 24, 2021",7:30p,Boston Celtics,,Atlanta Hawks,,,,,
185,"Wed, Feb 24, 2021",7:30p,Houston Rockets,,Cleveland Cavaliers,,,,,
186,"Wed, Feb 24, 2021",7:30p,Golden State Warriors,,Indiana Pacers,,,,,
187,"Wed, Feb 24, 2021",8:00p,Minnesota Timberwolves,,Chicago Bulls,,,,,
188,"Wed, Feb 24, 2021",8:00p,Toronto Raptors,,Miami Heat,,,,,
189,"Wed, Feb 24, 2021",8:00p,Detroit Pistons,,New Orleans Pelicans,,,,,
190,"Wed, Feb 24, 2021",8:00p,San Antonio Spurs,,Oklahoma City Thunder,,,,,
191,"Wed, Feb 24, 2021",9:00p,Charlotte Hornets,,Phoenix Suns,,,,,
192,"Wed, Feb 24, 2021",10:00p,Los Angeles Lakers,,Utah Jazz,,,,,
193,"Thu, Feb 25, 2021",7:00p,Dallas Mavericks,,Philadelphia 76ers,,,,,
194,"Thu, Feb 25, 2021",7:30p,Orlando Magic,,Brooklyn Nets,,,,,
195,"Thu, Feb 25, 2021",7:30p,Sacramento Kings,,New York Knicks,,,,,
196,"Thu, Feb 25, 2021",8:00p,Los Angeles Clippers,,Memphis Grizzlies,,,,,
197,"Thu, Feb 25, 2021",9:00p,Washington Wizards,,Denver Nuggets,,,,,
198,"Thu, Feb 25, 2021",9:30p,New Orleans Pelicans,,Milwaukee Bucks,,,,,
199,"Fri, Feb 26, 2021",7:30p,Indiana Pacers,,Boston Celtics,,,,,
200,"Fri, Feb 26, 2021",7:30p,Houston Rockets,,Toronto Raptors,,,,,
201,"Fri, Feb 26, 2021",8:00p,Phoenix Suns,,Chicago Bulls,,,,,
202,"Fri, Feb 26, 2021",8:00p,Sacramento Kings,,Detroit Pistons,,,,,
203,"Fri, Feb 26, 2021",8:00p,Los Angeles Clippers,,Memphis Grizzlies,,,,,
204,"Fri, Feb 26, 2021",8:00p,Utah Jazz,,Miami Heat,,,,,
205,"Fri, Feb 26, 2021",8:00p,Atlanta Hawks,,Oklahoma City Thunder,,,,,
206,"Fri, Feb 26, 2021",10:00p,Charlotte Hornets,,Golden State Warriors,,,,,
207,"Fri, Feb 26, 2021",10:00p,Portland Trail Blazers,,Los Angeles Lakers,,,,,
208,"Sat, Feb 27, 2021",7:00p,Cleveland Cavaliers,,Philadelphia 76ers,,,,,
209,"Sat, Feb 27, 2021",7:00p,Minnesota Timberwolves,,Washington Wizards,,,,,
210,"Sat, Feb 27, 2021",8:00p,Indiana Pacers,,New York Knicks,,,,,
211,"Sat, Feb 27, 2021",8:00p,Denver Nuggets,,Oklahoma City Thunder,,,,,
212,"Sat, Feb 27, 2021",8:00p,Utah Jazz,,Orlando Magic,,,,,
213,"Sat, Feb 27, 2021",8:00p,New Orleans Pelicans,,San Antonio Spurs,,,,,
214,"Sat, Feb 27, 2021",8:30p,Dallas Mavericks,,Brooklyn Nets,,,,,
215,Date,Start (ET),Visitor/Neutral,PTS,Home/Neutral,PTS,,,Attend.,Notes
216,"Sun, Feb 28, 2021",3:30p,Los Angeles Clippers,,Milwaukee Bucks,,,,,
217,"Sun, Feb 28, 2021",7:00p,Washington Wizards,,Boston Celtics,,,,,
218,"Sun, Feb 28, 2021",7:00p,Chicago Bulls,,Toronto Raptors,,,,,
219,"Sun, Feb 28, 2021",8:00p,New York Knicks,,Detroit Pistons,,,,,
220,"Sun, Feb 28, 2021",8:00p,Memphis Grizzlies,,Houston Rockets,,,,,
221,"Sun, Feb 28, 2021",8:00p,Golden State Warriors,,Los Angeles Lakers,,,,,
222,"Sun, Feb 28, 2021",8:00p,Atlanta Hawks,,Miami Heat,,,,,
223,"Sun, Feb 28, 2021",9:00p,Phoenix Suns,,Minnesota Timberwolves,,,,,
224,"Sun, Feb 28, 2021",10:00p,Charlotte Hornets,,Sacramento Kings,,,,,
0,"Mon, Mar 1, 2021",7:00p,Dallas Mavericks,,Orlando Magic,,,,,
1,"Mon, Mar 1, 2021",7:00p,Indiana Pacers,,Philadelphia 76ers,,,,,
2,"Mon, Mar 1, 2021",8:00p,Utah Jazz,,New Orleans Pelicans,,,,,
3,"Mon, Mar 1, 2021",8:30p,Brooklyn Nets,,San Antonio Spurs,,,,,
4,"Mon, Mar 1, 2021",9:00p,Cleveland Cavaliers,,Houston Rockets,,,,,
5,"Mon, Mar 1, 2021",9:00p,Denver Nuggets,,Chicago Bulls,,,,,
6,"Mon, Mar 1, 2021",10:30p,Charlotte Hornets,,Portland Trail Blazers,,,,,
7,"Tue, Mar 2, 2021",7:00p,Memphis Grizzlies,,Washington Wizards,,,,,
8,"Tue, Mar 2, 2021",7:30p,Los Angeles Clippers,,Boston Celtics,,,,,
9,"Tue, Mar 2, 2021",7:30p,Atlanta Hawks,,Miami Heat,,,,,
10,"Tue, Mar 2, 2021",7:30p,Detroit Pistons,,Toronto Raptors,,,,,
11,"Tue, Mar 2, 2021",8:30p,New York Knicks,,San Antonio Spurs,,,,,
12,"Tue, Mar 2, 2021",9:00p,Denver Nuggets,,Milwaukee Bucks,,,,,
13,"Tue, Mar 2, 2021",10:00p,Phoenix Suns,,Los Angeles Lakers,,,,,
14,"Wed, Mar 3, 2021",7:00p,Indiana Pacers,,Cleveland Cavaliers,,,,,
15,"Wed, Mar 3, 2021",7:00p,Utah Jazz,,Philadelphia 76ers,,,,,
16,"Wed, Mar 3, 2021",7:30p,Brooklyn Nets,,Houston Rockets,,,,,
17,"Wed, Mar 3, 2021",8:00p,Charlotte Hornets,,Minnesota Timberwolves,,,,,
18,"Wed, Mar 3, 2021",8:00p,Chicago Bulls,,New Orleans Pelicans,,,,,
19,"Wed, Mar 3, 2021",8:00p,Atlanta Hawks,,Orlando Magic,,,,,
20,"Wed, Mar 3, 2021",8:30p,Oklahoma City Thunder,,Dallas Mavericks,,,,,
21,"Wed, Mar 3, 2021",10:00p,Golden State Warriors,,Portland Trail Blazers,,,,,
22,"Wed, Mar 3, 2021",10:00p,Los Angeles Lakers,,Sacramento Kings,,,,,
23,"Thu, Mar 4, 2021",7:00p,Toronto Raptors,,Boston Celtics,,,,,
24,"Thu, Mar 4, 2021",7:00p,Los Angeles Clippers,,Washington Wizards,,,,,
25,"Thu, Mar 4, 2021",8:00p,Denver Nuggets,,Indiana Pacers,,,,,
26,"Thu, Mar 4, 2021",8:00p,Milwaukee Bucks,,Memphis Grizzlies,,,,,
27,"Thu, Mar 4, 2021",9:00p,Oklahoma City Thunder,,San Antonio Spurs,,,,,
28,"Thu, Mar 4, 2021",9:30p,Miami Heat,,New Orleans Pelicans,,,,,
29,"Thu, Mar 4, 2021",10:00p,Golden State Warriors,,Phoenix Suns,,,,,
30,"Thu, Mar 4, 2021",10:00p,Sacramento Kings,,Portland Trail Blazers,,,,,
